"49452167502","CAPSAICIN POWDER","1180.80","120"
"00378351105","RISPERIDONE","1473.28","405"
"33261005660","APAP/HYDROCODONE BITARTRATE","128.88","120"
"00168031004","DESONIDE 0.05% LOTION","1606.40","236"
"23155010501","HYDROXYZINE HYDROCHLORIDE","294.83","120"
"62991308401","SCAR CARE BASE ENHANCED","1295.93","117"
"00406324552","HYDROMORPHONE HCL","1000.00","200"
"00172409970","NABUMETONE 750 MG TABLET","306.04","135"
"10144060615","ZANAFLEX CAPSULE","2069.48","300"
"55700022990","CYCLOBENZAPRINE HCL","780.90","270"
"00068041810","CITRUCEL PACKET","234.51","120"
"63874083460","APAP/HYDROCODONE BITARTRATE","360.00","120"
"68405001736","HYPERTENSOLOL","404.50","120"
"81370001579","AVEENO SKIN RELIEF MOISTURIZING LOT","111.87","2124"
"21695089360","TRAMADOL HYDROCHLORIDE","549.70","120"
"55289020314","NITROFURANTOIN MACROCRYSTALS","851.71","126"
"59762372003","ALPRAZOLAM 0.5 MG TABLET","144.46","150"
"64950090110","OXYCODONE HYDROCHLORIDE","117.15","120"
"33261008360","NAPROXEN EC","317.40","120"
"62037083920","ENOXAPARIN SODIUM","598.87","108"
"67877025180","TRIAMCINOLONE ACETONIDE","119.76","240"
"68382004110","PROMETHAZINE HYDROCHLORIDE","105.42","180"
"00904551280","SENNA PLUS TABLET","262.60","120"
"00185014501","NABUMETONE 500 MG TABLET","222.47","200"
"00591344901","MORPHINE SULFATE ER 20 MG CAP","788.45","180"
"63304056105","APAP/CODEINE","100.21","120"
"65862018730","ONDANSETRON HYDROCHLORIDE","8737.52","360"
"52544063901","DOXAZOSIN MESYLATE","999.94","180"
"50111056301","CYCLOBENZAPRINE HCL","442.20","120"
"35356082960","OXYCODONE HYDROCHLORIDE","304.70","120"
"35356081301","METHOCARBAMOL","177.51","120"
"00037225010","SOMA 250 MG TABLET","388.01","120"
"00406053205","APAP/OXYCODONE","756.18","150"
"16714068302","SIMVASTATIN","475.12","120"
"16714035501","LEVETIRACETAM","755.14","120"
"21695003730","CYCLOBENZAPRINE","420.88","180"
"00093406801","PRAZOSIN HYDROCHLORIDE","153.73","200"
"49999060990","APAP/HYDROCODONE BITARTRATE","475.92","270"
"00113085140","GOOD SENSE ANTACID","223.18","360"
"35356071390","DICLOFENAC POTASSIUM","664.64","270"
"00472009475","MINOXIDIL 5% SOLUTION","115.44","120"
"00115155801","OXYCODONE HCL","816.93","180"
"00186060631","PRILOSEC DR 10 MG CAPSULE","750.00","200"
"33261096060","TRAMADOL HYDROCHLORIDE","1924.20","180"
"67253062250","NAPROXEN 500 MG TABLET","410.40","180"
"68462015360","TOPIRAMATE 50 MG TABLET","750.70","120"
"60760038860","APAP/HYDROCODONE BITARTRATE","106.09","120"
"53489046701","METFORMIN HCL 500 MG TABLET","231.00","120"
"00093573201","OXYCODONE HCL ER","823.20","120"
"60429025201","BUTALBITAL/ACETAMINOPHEN/","187.26","120"
"00228212910","CLONIDINE HCL","115.18","270"
"68462010960","TOPIRAMATE 100 MG TABLET","877.43","120"
"68462020305","MORPHINE SULFATE","439.74","180"
"63275620001","SUFENTANIL CITRATE","2500.00","500"
"00603107558","CHERATUSSIN AC","128.24","360"
"35356073460","CARISOPRODOL","800.68","180"
"00093816601","QUETIAPINE FUMARATE","1775.67","180"
"00409205105","KETAMINE HCL","290.00","116"
"76204020060","ALBUTEROL SULFATE","195.85","360"
"00781223331","OMEPRAZOLE DR 20 MG CAPSULE","797.01","180"
"10147090103","TRAMADOL HYDROCHLORIDE","1485.58","180"
"35781021009","SPEEDGEL RX","1150.98","180"
"55045292606","TIZANIDINE HCL","433.26","180"
"00378797052","IPRATROPIUM BROMIDE","170.70","312"
"00093735156","LANSOPRAZOLE","1228.54","180"
"00093171401","WARFARIN SODIUM","116.77","200"
"66685100100","AMOXICILLIN AND CLAVULANATE POTASSI","105.03","210"
"59762018002","VENLAFAXINE HYDROCHLORIDE","632.56","180"
"42549052760","TRAMADOL HYDROCHLORIDE","216.00","120"
"60429015790","OMEPRAZOLE 20 MG CAPSULE DR","1501.80","180"
"38779175400","KETAMINE HCL","562.69","120"
"42254003560","METHOCARBAMOL","143.66","120"
"68382031901","TRAMADOL HYDROCHLORIDE","193.00","180"
"70074053119","JEVITY 1.2 CAL","175.00","120"
"13107005701","OXYCODONE HYDROCHLORIDE","349.57","120"
"63304077310","LORAZEPAM 1 MG TABLET","164.36","120"
"59762371904","ALPRAZOLAM 0.25 MG TABLET","142.09","180"
"54569543609","TRAMADOL HYDROCHLORIDE","120.59","120"
"16590061460","APAP/OXYCODONE","134.19","120"
"55045251101","RANITIDINE HCL","145.26","120"
"60505609400","NOVAPLUS CEFAZOLIN","2288.83","109"
"65862039110","ONDANSETRON","931.80","120"
"00525055590","CEREFOLINNAC","485.30","120"
"63629340607","TRAMADOL HYDROCHLORIDE AND ACETAMIN","248.40","120"
"63275991909","DICLOFENAC SODIUM","156.65","120"
"44567023706","CEFTAZIDIME","4592.00","112"
"42254033760","BUSPIRONE HCL","1832.04","180"
"00409909431","FENTANYL CITRATE","117.00","5250"
"50458051360","TYLENOL WITH CODEINE #3 TABLET","146.32","120"
"57664047451","METFORMIN HCL","265.60","180"
"63629126005","NAPROXEN SODIUM","350.50","120"
"52544085301","APAP/HYDROCODONE BITARTRATE","261.61","120"
"16714044701","AMITRIPTYLINE HCL","114.48","120"
"00832030100","CHLORPROMAZINE HCL","349.91","120"
"62175011837","OMEPRAZOLE DR 20 MG CAPSULE","135.93","200"
"00603378721","HALOPERIDOL","303.60","120"
"00378043301","BUPROPION HCL 75 MG TABLET","195.62","300"
"49999076701","PROPOXACET-N","138.12","120"
"00168035730","LIDOCAINE/PRILOCAINE","189.43","120"
"33261007360","MIRTAZAPINE","188.04","120"
"55045309501","APAP/PROPOXYPHENE NAPSYLATE","145.26","120"
"65862015901","ZOLPIDEM TARTRATE","616.72","120"
"31722053712","LEVETIRACETAM","766.60","180"
"21695098760","HYDROCODONE BITARTRATE AND ACETAMIN","233.41","120"
"58177026422","BUSPIRONE HCL","209.70","150"
"50436399604","LAMOTRIGINE","656.57","120"
"42254023930","CYCLOBENZAPRINE HYDROCHLORIDE","562.04","120"
"64720013210","DEXTROAMPH SACC/AMPH ASP/DEXTROAM S","202.51","120"
"00904549060","APAP/BUTALBITAL/CAFFEINE","230.40","180"
"33261010302","TIZANIDINE HCL","262.86","120"
"00603411021","ISOSORBIDE MONONITRATE","362.51","180"
"26974041017","PRO-STAT SUGAR FREE","115.53","2880"
"58016025830","METHOCARBAMOL","331.95","120"
"57664039758","METFORMIN HCL","147.60","360"
"33261013060","METHOCARBAMOL","141.56","120"
"16252057250","RAMIPRIL 5 MG CAPSULE","320.80","210"
"52372085802","FLUTICASONE PROPIONATE","15526.02","240"
"00378115005","BUSPIRONE HCL","162.93","120"
"63629162308","METHOCARBAMOL","321.41","252"
"66336044430","APAP/HYDROCODONE BITARTRATE","351.35","150"
"57664049918","MIRTAZAPINE","154.85","120"
"65649043102","METOZOLV ODT","162.58","120"
"33261005402","HYDROCODONE BITARTRATE/APAP","150.30","120"
"49999006590","METHOCARBAMOL","217.28","180"
"16590019190","PROMETHAZINE HYDROCHLORIDE","242.42","180"
"68180035206","SERTRALINE HYDROCHLORIDE","346.16","120"
"42549060960","APAP/HYDROCODONE BITARTRATE","368.29","180"
"38779175408","KETAMINE HCL","1197.00","159"
"68462015310","TOPIRAMATE 50 MG TABLET","420.00","200"
"08470119001","UNIFINE PENTIPS","267.40","120"
"00228274215","TIZANIDINE HCL","262.86","120"
"00115131701","OXYMORPHONE HYDROCHLORIDE","913.31","120"
"49884083601","MORPHINE SULFATE","1385.98","120"
"00395600479","LIPO BASE HEAVY","300.00","170"
"35356080101","OXYCODONE AND ACETAMINOPHEN","591.91","120"
"63629490001","TRAMADOL HYDROCHLORIDE","550.00","120"
"57664017013","HYDROCODONE BITARTRATE AND ACETAMIN","213.00","120"
"00093094801","DICLOFENAC POTASSIUM","705.86","180"
"00093721410","METFORMIN HCL","1889.20","180"
"47335071113","TOPIRAMATE 100MG TABLET","750.60","120"
"00591046605","TRAMADOL HCL","614.00","180"
"00781214710","LANSOPRAZOLE","1156.00","200"
"55700029360","TRAMADOL HCL","2032.77","180"
"63629466404","CYCLOBENZAPRINE HYDROCHLORIDE","470.40","120"
"00023079830","REFRESH TEARS","358.86","720"
"00185074901","ASPIRIN/CARISOPRODOL/CODEINE","322.56","112"
"57664039718","METFORMIN HCL","263.36","120"
"62991202204","DEXAMETHASONE  2%","203.93","210"
"16590014882","METHOCARBAMOL","220.18","180"
"16590022182","TIZANIDINE HCL","806.40","360"
"63481057170","OPANA ER 30 MG TABLET","1113.49","120"
"63629396601","DENDRACIN NEURODENDRAXCIN","251.90","120"
"69097029902","DULOXETINE HCL","920.69","120"
"42858000501","OXYCODONE HCL","538.40","150"
"00093092405","OXAPROZIN 600 MG TABLET","128.89","180"
"00088117114","GAVISCON LIQUID","227.06","355"
"53746011301","HYDROCODONE BITARTRATE AND ACETAMIN","124.26","120"
"00378104901","DOXEPIN HCL","102.29","180"
"68382034001","ROPINIROLE HYDROCHLORIDE","452.40","120"
"49452324003","GABAPENTIN POWDER","766.80","120"
"00228207650","TEMAZEPAM 15 MG CAPSULE","185.44","180"
"49884054405","RANITIDINE HCL","801.78","180"
"66336044260","APAP/HYDROCODONE BITARTRATE","169.71","120"
"42254023972","CYCLOBENZAPRINE HYDROCHLORIDE","530.40","120"
"55045292109","APAP/HYDROCODONE BITARTRATE","154.44","120"
"55700022460","HYDROCODONE BITARTRATE-ACETAMINOPHE","573.41","120"
"55628917904","ULTRACIN LOTION","324.30","120"
"51991074810","DULOXETINE HCL","930.44","120"
"37000045504","PRILOSEC OTC","210.93","180"
"51552061307","BACLOFEN  5%","406.37","240"
"53489046810","METFORMIN HCL","207.00","120"
"00591024205","LORAZEPAM 2 MG TABLET","331.46","105"
"68115033099","TRAMADOL HCL","246.00","120"
"50436692402","DICLOFENAC SODIUM","617.69","120"
"31722022105","GABAPENTIN 100 MG CAPSULE","335.06","180"
"00591046110","GLIPIZIDE 10 MG TABLET","290.28","120"
"52959037130","APAP/HYDROCODONE BITARTRATE","215.40","150"
"45802021001","NITROGLYCERIN LINGUAL","404.06","490"
"51672125903","CLOBETASOL PROPIONATE","516.08","240"
"49999001790","APAP/HYDROCODONE BITARTRATE","243.88","180"
"35356080560","CARISOPRODOL","587.16","120"
"60760041890","CYCLOBENZAPRINE HCL","370.87","270"
"57664017088","HYDROCODONE BITARTRATE AND ACETAMIN","116.33","180"
"55700022001","HYDROCODONE BITARTRATE-ACETAMINOPHE","321.44","120"
"55045189706","ACETAMINOPHEN/CODEINE","183.00","120"
"16590031652","POLYETHYLENE GLYCOL 3350","107.81","105"
"00407141230","OMNIPAQUE 240","134.00","240"
"63304077305","LORAZEPAM 1 MG TABLET","164.36","120"
"68180044603","QUETIAPINE FUMARATE","635.40","120"
"65862001330","SERTRALINE HYDROCHLORIDE","538.34","180"
"52152023621","TIZANIDINE HCL 2 MG TABLET","127.54","120"
"00406833023","MORPHINE SULFATE","270.00","112"
"52959093012","DENDRACIN NEURODENDRAXCIN","401.00","120"
"55045312509","APAP/HYDROCODONE BITARTRATE","153.60","180"
"00093104005","GABAPENTIN 400 MG CAPSULE","301.50","150"
"33261003760","DICLOFENAC SODIUM","335.61","180"
"00603543821","PROMETHAZINE HYDROCHLORIDE","258.38","180"
"61392071690","CYCLOBENZAPRINE HYDROCHLORIDE","353.79","270"
"00409338035","SUFENTANIL CITRATE","770.00","110"
"21695057960","HYDROCODONE/ACETAMINOPHEN","165.85","120"
"68405849836","SUPPLIES&MATERIALS PRV BY PHYS >&ABOVE","398.10","120"
"00781107905","ALPRAZOLAM 1 MG TABLET","178.42","120"
"66267006484","CYCLOBENZAPRINE HCL","285.16","252"
"68405802426","SUPPLIES&MATERIALS PRV BY PHYS >&ABOVE","575.42","180"
"38779169808","DICLOFENAC SODIUM","210.60","180"
"57237002501","GLYBURIDE AND METFORMIN HYDROCHLORI","341.90","120"
"10631040701","PROCTOSOL-HC","134.71","567"
"49884082311","TRAMADOL HYDROCHLORIDE","1222.02","120"
"00591079510","DICYCLOMINE HCL","253.28","120"
"62175018046","PANTOPRAZOLE SODIUM","1266.30","270"
"00781188425","RANITIDINE HCL","568.12","180"
"49999085030","OXYCODONE HCL","306.15","120"
"63629162306","METHOCARBAMOL","210.80","180"
"68405803836","SUPPL/MAT PROVID-PHYS NOT INCL W/VISIT/OTHR SERV","286.39","150"
"33358005930","BUTALBITAL/APAP W/CAFFEINE","333.48","120"
"67877022310","GABAPENTIN 300 MG CAPSULE","199.12","120"
"65162005310","CITALOPRAM HYDROBROMIDE","557.72","180"
"16590037560","BUSPIRONE HCL","908.25","180"
"33261080360","FLUOXETINE HCL","469.50","120"
"64679043402","PANTOPRAZOLE SODIUM","560.32","120"
"00168000680","TRIAMCINOLONE 0.1% OINTMENT","261.82","240"
"68405049836","THERACODOPHEN-750","398.10","120"
"27808003502","HYDROCODONE BITARTRATE-ACETAMINOPHE","259.80","120"
"68115033030","TRAMADOL HCL","738.85","150"
"59762502801","GABAPENTIN 400 MG CAPSULE","584.95","120"
"76204060060","IPRATROPIUM BROMIDE-ALBUTEROL SULFA","867.24","1080"
"33342029809","MEMANTINE HCL","1375.19","180"
"00004025901","CELLCEPT 250 MG CAPSULE","1319.16","180"
"68071070228","SERTRALINE HYDROCHLORIDE","489.41","168"
"16714066202","GABAPENTIN 300 MG CAPSULE","578.83","180"
"68180069706","TRAMADOL HYDROCHLORIDE","982.44","180"
"38779039503","CYCLOBENZAPRINE HCL","462.83","120"
"68405002806","PRAZOLAMINE","828.08","180"
"49452391703","KETOPROFEN POWDER","1021.20","120"
"00378075101","CYCLOBENZAPRINE HCL","138.97","120"
"63629417501","MORPHINE SULFATE","187.84","120"
"00591260901","HYDROCODONE BITARTRATE/ACETAMINOPHE","117.64","150"
"66336084330","TIZANIDINE HCL","265.06","120"
"00591354160","BUPROPION HYDROCHLORIDE SR","304.08","120"
"46987032611","KADIAN ER 60 MG CAPSULE","1918.31","120"
"00814162114","CLORAZEPATE DIPOTASSIUM","778.50","180"
"51927172000","PRILOCAINE HCL","270.86","1080"
"00527131201","ASPIRIN/BUTALBITAL/CAFFEINE/CODEINE","283.00","180"
"00591050201","HYDROCODON-ACETAMINOPH 7.5-650","124.26","120"
"51552128507","PENTRAVAN PLUS BASE","259.74","106"
"49999009060","PROMETHAZINE HCL","686.74","180"
"64720010311","CARISOPRODOL","1258.20","270"
"33261005852","APAP/HYDROCODONE BITARTRATE","519.06","252"
"00067621593","VOLTAREN GEL","101.02","300"
"42254010060","APAP/HYDROCODONE BITARTRATE","228.90","120"
"00024542131","AMBIEN 10 MG TABLET","1254.90","30000"
"68115031460","RANITIDINE HCL","544.00","120"
"49999069330","APAP/TRAMADOL HYDROCHLORIDE","344.70","120"
"59762500701","MISOPROSTOL","104.00","120"
"49999027760","APAP/HYDROCODONE BITARTRATE","229.49","120"
"00603158454","PROMETHAZINE PLAIN","227.35","118"
"57866310602","MORPHINE SULFATE IR","338.88","120"
"63304045001","MORPHINE SULFATE","143.26","112"
"64679055502","RISPERIDONE","782.20","180"
"50474091050","LORTAB 10/500","212.86","112"
"60505384905","CELECOXIB  100%","377.54","200"
"63739079110","HYDROMORPHONE HCL","430.83","120"
"58016058460","BUPROPION HCL","252.58","120"
"51927261100","ACETYL-L-CARNITINE HCL (N) PWD","230.04","120"
"52959031260","APAP/HYDROCODONE BITARTRATE","480.00","120"
"00270131641","ISOVUE MULTIPACK-370","229.50","153"
"50458065960","ULTRAM 50 MG TABLET","285.90","120"
"65862047501","RAMIPRIL 2.5MG #180","277.09","180"
"00093517301","NIFEDICAL XL","514.31","180"
"50111047102","PROPRANOLOL HCL","117.93","180"
"50436082201","TRAMADOL HCL","1259.45","120"
"16590011360","APAP/HYDROCODONE BITARTRATE","192.53","120"
"54569543600","TRAMADOL HYDROCHLORIDE","261.20","120"
"63629400001","OXYCODONE HYDROCHLORIDE","304.10","120"
"63629335302","PANTOPRAZOLE SODIUM","1439.88","180"
"55887025930","LABETALOL HYDROCHLORIDE","631.95","180"
"00093816301","QUETIAPINE FUMARATE","4149.48","180"
"63629334206","HYDROCODONE BITARTRATE AND ACETAMIN","113.16","120"
"63874020190","APAP/PROPOXYPHENE NAPSYLATE","250.20","180"
"68382004101","PROMETHAZINE HYDROCHLORIDE","127.61","180"
"00185041005","BUPROPION HCL","248.22","180"
"60429005810","DICLOFENAC SODIUM DR","398.25","120"
"63304069201","CLINDAMYCIN HCL","162.92","120"
"50488200202","K.B.G.L. KIT","899.33","120"
"63629473102","HYDROCODONE BITARTRATE AND ACETAMIN","388.52","120"
"51927316100","ETHYL ALCOHOL","456.86","202"
"00228326211","OXYMORPHONE HYDROCHLORIDE","561.46","180"
"33261005430","HYDROCODONE BITARTRATE/APAP","172.80","120"
"42549050890","CYCLOBENZAPRINE HCL","353.98","180"
"00093005401","BUSPIRONE HCL","242.10","180"
"50924037350","ACCU-CHEK COMFORT CURVE","677.80","150"
"68382018305","BUSPIRONE HCL","494.55","270"
"49452391704","KETOPROFEN POWDER","231.85","125"
"00093406701","PRAZOSIN HYDROCHLORIDE","105.86","300"
"35356061204","DENDRACIN NEURODENDRAXCIN","400.86","120"
"16714044801","AMITRIPTYLINE HCL","134.36","120"
"51927333600","ENALAPRIL MALEATE","340.80","156"
"38779246104","COMPOUNDED DRUGS DISPENSED","1800.78","135"
"33261005870","APAP/HYDROCODONE BITARTRATE","299.20","140"
"60429075260","OXAPROZIN 600 MG TABLET","426.60","120"
"58016026190","CARISOPRODOL","1432.12","360"
"51672127003","DESOXIMETASONE 0.25% CREAM","1008.12","240"
"65162012050","HYDROCODONE BITARTRATE AND ACETAMIN","153.85","180"
"29300016810","TIZANIDINE HCL","219.92","180"
"53746011095","PRESCRIPTION DRUG GENERIC","288.00","240"
"00603388128","APAP/HYDROCODONE BITARTRATE","153.60","120"
"16729009416","MYCOPHENOLATE MOFETIL","1702.33","360"
"38779252906","VERSAPRO CREAM BASE","730.81","175"
"51927303800","HYALURONIDASE","500.00","500"
"43386031214","GAVILAX POWDER","238.25","510"
"00487990130","ALBUTEROL SULFATE","198.58","180"
"42549055728","APAP/HYDROCODONE BITARTRATE","230.24","112"
"16590060760","MORPHINE SULFATE CR","118.79","120"
"00143117401","CAPTOPRIL 100 MG TABLET","446.32","120"
"63304077490","LORAZEPAM 2 MG TABLET","192.50","120"
"69097029802","DULOXETINE HCL DR 30 MG CAP","108.40","120"
"35356019730","ONDANSETRON HYDROCHLORIDE","768.72","120"
"63629415302","OXYCODONE HCL","576.84","180"
"42254034030","HYDROCODONE BITARTRATE AND ACETAMIN","291.59","120"
"10914055001","HYDROCODONE BITARTRATE/AC","262.57","120"
"00228202710","ALPRAZOLAM 0.25 MG TABLET","308.50","60000"
"10370022211","TRAMADOL HCL ER","1463.50","150"
"50488090101","LAXACIN TABLET","280.00","200"
"00591355101","OXYCODONE/ASPIRIN","174.33","120"
"58016017990","CHONDROITIN/GLUCOSAMINE COMPLEX","233.10","180"
"38779273904","COMPOUNDED DRUGS DISPENSED","1429.31","135"
"43063023160","APAP/OXYCODONE","200.40","120"
"33261005899","APAP/HYDROCODONE BITARTRATE","745.80","360"
"59762502401","GABAPENTIN 800 MG TABLET","1108.66","120"
"60505011308","GABAPENTIN 300 MG CAPSULE","372.60","180"
"62991140704","HYDROMORPHONE HCL","683.00","155"
"00603233820","ACETAMINOPHEN/CODEINE","237.18","120"
"66267056390","TRAMADOL HYDROCHLORIDE","200.48","180"
"00093172110","WARFARIN SODIUM","173.72","300"
"49452404001","LIDOCAINE POWDER","652.80","120"
"63629406801","APAP/OXYCODONE","270.00","120"
"54569596600","METHOCARBAMOL","584.95","270"
"00378563259","SUMATRIPTAN SUCCINATE","313.80","120"
"57664051083","MIRTAZAPINE","393.60","120"
"55970080825","COSAMIN DS CAPSULE","135.35","108"
"51672413101","LAMOTRIGINE","728.88","135"
"38779018915","AMITRIPTYLINE HCL POWDER","284.40","180"
"16571020110","DICLOFENAC SODIUM","242.86","690"
"50383079516","LACTULOSE 10 GM/15 ML SOLUTION","156.95","473"
"42549061456","MORPHINE SULFATE","523.02","168"
"69097014907","LAMOTRIGINE","938.05","180"
"60505377903","VENLAFAXINE HCL ER 75 MG CAP","744.69","180"
"24385030127","GOOD NEIGHBOR PHARMACY NATURAL FIBE","175.32","390"
"60793013601","SKELAXIN 800 MG TABLET","523.32","120"
"21695002160","CARISOPRODOL","526.76","120"
"68001028106","DICLOFENAC SODIUM","202.22","120"
"42549057456","HYDROMORPHONE HCL","253.68","112"
"00378267501","AMITRIPTYLINE HCL","832.62","180"
"10370022111","TRAMADOL HYDROCHLORIDE","2266.68","270"
"42549061056","OXYCODONE HCL","368.88","224"
"42549051404","APAP/HYDROCODONE BITARTRATE","164.82","140"
"45861010401","ACTIVE-TRAMADOL KIT 8%","266.30","120"
"51079064419","CYCLOBENZAPRINE HCL","251.10","120"
"55111058601","AMLODIPINE BESYLATE AND BENAZEPRIL","730.65","180"
"00406035862","APAP/HYDROCODONE BITARTRATE","198.00","180"
"68405811836","SPL/MATL PROV-PHYS NOT INCL W/VISIT/OTHR SERV","780.02","240"
"42549064002","OXYCODONE AND ACETAMINOPHEN","334.86","112"
"38779030208","(F)PIROXICAM POWDER  3%","254.07","180"
"55289071920","TRAMADOL HYDROCHLORIDE","318.10","180"
"50111030901","HYDROXYZINE HCL","168.78","120"
"21695098772","HYDROCODONE BITARTRATE AND ACETAMIN","232.29","120"
"00406324301","HYDROMORPHONE HCL","522.40","240"
"00378191010","CLONAZEPAM 0.5 MG TABLET","113.36","120"
"54569151903","AMITRIPTYLINE HYDROCHLORIDE","139.98","120"
"60505077300","PIPERACILLIN AND TAZOBACTAM","865.87","108"
"65862052790","VENLAFAXINE HCL ER 37.5 MG CAP","421.91","120"
"00406036501","APAP/HYDROCODONE BITARTRATE","164.40","120"
"16590049472","APAP/HYDROCODONE BITARTRATE","176.01","120"
"35356079760","HYDROCODONE BITARTRATE AND ACETAMIN","195.36","120"
"00054422121","DICLOFENAC SOD 50 MG TAB EC","262.46","135"
"00839560725","MEDROXYPROGESTERONE ACETATE","413.76","120"
"53746021805","METFORMIN HYDROCHLORIDE","263.44","120"
"33261037902","APAP/HYDROCODONE BITARTRATE","293.10","120"
"00054017713","BUPRENORPHINE HYDROCHLORIDE","831.13","6000"
"59366287605","METRONIDAZOLE","104.60","180"
"50383066730","LIDOCAINE/PRILOCAINE","293.76","96000"
"37803036817","CYCLOBENZAPRINE HCL","2714.40","480"
"62991255901","AMANTADINE HCL","703.80","276"
"68382001901","VENLAFAXINE HYDROCHLORIDE","366.22","180"
"33358000260","ACETAMINOPHEN/CODEINE PHOSPHATE","347.64","120"
"11845014951","MASON NATURAL OMEGA-3-6-9 FISH OIL","194.95","135"
"62175030232","RABEPRAZOLE SODIUM","1553.44","120"
"50111044101","TRAZODONE HCL","242.99","180"
"16590054490","CYCLOBENZAPRINE HYDROCHLORIDE","605.74","270"
"50532011310","HYOSCYAMINE SULFATE","106.25","180"
"38779268308","DICLOFENAC SODIUM","319.51","1800"
"55045198000","APAP/HYDROCODONE BITARTRATE","108.30","120"
"33261003160","CLORAZEPATE DIPOTASSIUM","778.50","180"
"16590052860","ZOLPIDEM TARTRATE","878.41","180"
"66336082660","NAPROXEN SODIUM","248.12","690"
"68462036105","HYDROXYZINE HYDROCHLORIDE","187.91","180"
"47781019605","OXYCODONE HCL-ACETAMINOPHEN","104.84","120"
"42858000201","OXYCODONE HCL","122.49","150"
"59630007410","DOLGIC PLUS","725.74","120"
"00407141350","OMNIPAQUE 300","1500.00","300"
"69097014912","LAMOTRIGINE","1005.46","180"
"52959004530","DOCUSATE SODIUM","121.74","120"
"65162080906","ALPRAZOLAM ER 0.5 MG TABLET","221.30","120"
"65862019301","FLUOXETINE HCL 20 MG CAPSULE","477.00","150"
"68682040910","CHLORDIAZEPOXIDE HCL/CLID","429.86","270"
"00378018401","PROPRANOLOL HCL","132.01","180"
"16714061206","SERTRALINE HYDROCHLORIDE","2614.48","540"
"00228308406","ALPRAZOLAM ER 1 MG TABLET","286.89","120"
"00093026492","FLUOCINONIDE 0.05% OINTMENT","428.00","240"
"00525051090","CEREFOLIN NAC","485.30","120"
"16590017660","OMEPRAZOLE D/R","895.45","180"
"00496072604","PRAMOSONE 2.5% LOTION","468.70","118"
"53746013705","IBUPROFEN 800 MG TABLET","117.20","270"
"00591065801","BUSPIRONE HCL","147.61","128"
"00406831562","MORPHINE SULFATE","151.43","150"
"53489051701","TRAZODONE HCL","810.88","180"
"76420099106","ENOVARX-CYCLOBENZAPRINE","370.29","120"
"50474090201","LORTAB 5/500","209.17","120"
"33261038930","TRAMADOL HYDROCHLORIDE AND ACETAMIN","263.52","120"
"58016034560","RANITIDINE HCL","444.00","120"
"47335073786","BUPROPION HYDROCHLORIDE SR","417.60","180"
"27495000120","DENDRACIN NEURODENDRAXCIN LOT","247.20","120"
"10631009430","HALOG 0.1% CREAM","573.36","120"
"35356069090","METHOCARBAMOL","284.38","270"
"62991202205","DEXAMETHASONE  1%","101.97","210"
"68405004326","SENTROXATINE","1429.48","180"
"50436980203","CYCLOBENZAPRINE HYDROCHLORIDE","390.71","180"
"63629406804","APAP/OXYCODONE","713.86","120"
"17317042701","P.E.G. 1500","104.32","158"
"49999021560","NORTRIPTYLINE HCL","195.56","120"
"65862003099","GLYBURIDE 5 MG TABLET","289.72","120"
"31722053612","LEVETIRACETAM","325.39","180"
"63874087104","CHONDROITIN/GLUCOSAMINE","162.90","120"
"68462017801","NAPROXEN SODIUM","389.96","360"
"52372069404","SILOMAC ANHYDROUS","2143.26","226"
"16714008211","HYDROXYZINE HYDROCHLORIDE","277.24","120"
"68387090012","TRAMADOL HCL","199.20","120"
"63629137003","AMITRIPTYLINE HCL","118.22","120"
"55289073790","ACETAMINOPHEN & HYDROCODONE","270.00","180"
"59762491001","SERTRALINE HYDROCHLORIDE","135.18","606"
"68387060090","CARISOPRODOL","1224.79","270"
"00093820405","CIMETIDINE 400MG #180","505.85","180"
"68405819831","SUPPL/MAT PROVID-PHYS NOT INCL W/VISIT/OTHR SERV","303.00","150"
"68382033401","TRAMADOL HYDROCHLORIDE AND ACETAMIN","127.99","120"
"00472037945","BETAMETHASONE DIPROPIONATE/CLOTRIMA","238.97","180"
"00168016260","CLOBETASOL 0.05% OINTMENT","292.00","120"
"16714066201","GABAPENTIN 300 MG CAPSULE","199.02","120"
"54569416602","DICLOFENAC SODIUM","440.08","120"
"00074194914","VICODIN 5-500 TABLET","246.63","120"
"47335058081","PANTOPRAZOLE SODIUM","465.88","120"
"16590011460","APAP/HYDROCODONE BITARTRATE","105.60","120"
"52372091001","DICLOFENAC SODIUM POWDER","595.67","210"
"63370004025","BUPIVACAINE HCL","125.00","462"
"50111054703","DICLOFENAC SODIUM","547.20","180"
"62991104006","CYCLOBENZAPRINE HCL POWDER  8.69565%","1240.00","240"
"00591345301","MORPHINE SULFATE ER","1621.65","120"
"00185041560","BUPROPION HCL","303.27","620"
"35356071460","DICLOFENAC SODIUM","302.20","120"
"33261005828","HYDROCODONE BITARTRATE/APAP","257.36","112"
"64376064805","HYDROCODONE BITARTRATE AND ACETAMIN","188.39","120"
"63629152906","HYDROCODONE/APAP","109.89","120"
"60505011401","GABAPENTIN 400 MG CAPSULE","1293.66","270"
"63629431001","APAP/HYDROCODONE BITARTRATE","135.26","120"
"00093314705","CEPHALEXIN 500 MG CAPSULE","157.71","120"
"55045292101","APAP/HYDROCODONE BITARTRATE","181.80","150"
"50436484102","CYCLOBENZAPRINE HYDROCHLORIDE","543.95","120"
"62756079813","DIVALPROEX SODIUM","385.63","120"
"00409379349","KETOROLAC TROMETHAMINE NOVAPLUS","152.00","160"
"00407141250","OMNIPAQUE 240","300.00","240"
"00555097302","AMPHETAMINE SALT COMBO","232.02","120"
"00074113502","MORPHINE SULFATE","658.88","224"
"00052010530","REMERON 15 MG TABLET","516.00","120"
"38779237404","TRAMADOL HYDROCHLORIDE","1400.00","150"
"63481081460","OPANA ER (CRUSH RESISTANT","573.09","120"
"00409115902","BUPIVACAINE HCL","300.00","300"
"63874083404","APAP/HYDROCODONE BITARTRATE","141.90","120"
"45963055550","GABAPENTIN 100MG CAP  100%","156.40","200"
"00093312501","DICLOXACILLIN 500 MG CAPSULE","180.30","120"
"68180038306","TRAMADOL HYDROCHLORIDE","1383.16","180"
"00781531601","ZOLPIDEM TARTRATE","1107.26","180"
"63629542205","HYDROCODONE BITARTRATE-ACETAMINOPHE","228.39","120"
"43353015980","HYDROCODONE/ACETAMINOPHEN","155.78","180"
"51552081802","FLURBIPROFEN","594.62","120"
"55045356601","SERTRALINE HYDROCHLORIDE","477.00","120"
"00472083123","ALBUTEROL SULFATE","467.20","600"
"65862052801","VENLAFAXINE HYDROCHLORIDE","1168.97","300"
"42254030060","HYDROCODONE BITARTRATE AND ACETAMIN","549.70","120"
"63629542804","HYDROCODONE BITARTRATE-ACETAMINOPHE","564.95","120"
"00378385793","ESCITALOPRAM OXALATE","541.16","120"
"16590003990","CARISOPRODOL","771.73","270"
"33261008590","NAPROXEN SODIUM","750.84","180"
"50474090760","LORTAB 7.5-500 TABLET","240.00","120"
"00224180180","KONSYL ORIGINAL FIBER POWDER","237.59","300"
"00378827091","ALBUTEROL SULFATE","210.83","1080"
"00364034701","METHOCARBAMOL","236.60","200"
"55045326201","TRAMADOL HCL","256.98","180"
"68180035309","SERTRALINE HYDROCHLORIDE","225.81","180"
"63187034260","CYCLOBENZAPRINE HCL","365.46","120"
"00409115278","HEPARIN LOCK","1234.20","4000"
"68115033060","TRAMADOL HCL","421.19","120"
"76439013410","METHOCARBAMOL","100.46","180"
"54868502404","APAP/OXYCODONE","683.65","150"
"66993040832","CARBAMAZEPINE","131.19","150"
"63629415301","OXYCODONE HCL","387.38","120"
"58468009003","SYNVISC ONE","330.08","160"
"42254034060","HYDROCODONE BITARTRATE AND ACETAMIN","291.59","120"
"00025142160","ARTHROTEC 75","661.14","180"
"00591379783","ALBUTEROL SULFATE","507.38","1125"
"45865038151","DENDRACIN NEURODENDRAXCIN","298.00","120"
"00555099702","FLUDROCORTISONE ACETATE","128.41","180"
"00591565801","CYCLOBENZAPRINE HCL","206.77","180"
"66336070394","APAP/BUTALBITAL/CAFFEINE","153.60","120"
"00591278986","TIZANIDINE HYDROCHLORIDE","417.52","120"
"18837024760","DOCUSATE SODIUM","128.37","600"
"66336013590","OXYCODONE HYDROCHLORIDE","558.60","180"
"63629136803","AMITRIPTYLINE HYDROCHLORIDE","139.98","120"
"00904636961","AMLODIPINE BESYLATE","112.58","120"
"00591552301","HYDROXYZINE HYDROCHLORIDE","329.75","120"
"23155024601","VENLAFAXINE","232.80","120"
"43199001101","HYOSCYAMINE SULFATE","322.00","120"
"00093874001","MEXILETINE HCL","599.28","180"
"38779083700","CAPSAICIN POWDER","781.38","120"
"60346066344","CHLORZOXAZONE","359.53","120"
"68115017120","APAP/HYDROCODONE BITARTRATE","162.33","150"
"65862050301","AMOXICILLIN AND CLAVULANATE POTASSI","119.20","2000"
"00049491030","ZOLOFT 100 MG TABLET","901.90","30000"
"68387023090","APAP/HYDROCODONE BITARTRATE","347.10","180"
"49999076790","PROPOXACET-N","346.08","360"
"10702000601","CYCLOBENZAPRINE HYDROCHLORIDE","358.20","180"
"42549064084","OXYCODONE AND ACETAMINOPHEN","572.28","168"
"00047016424","APAP/HYDROCODONE BITARTRATE","230.40","120"
"16590001360","AMITRIPTYLINE","106.10","120"
"42549050830","CYCLOBENZAPRINE HCL","265.76","120"
"47335032186","MEMANTINE HCL","1828.26","300"
"00591034705","HYDROCHLOROTHIAZIDE","133.71","180"
"64764008060","AMITIZA 8 MCG CAPSULE","603.97","120"
"60793060801","AVINZA 120 MG CAPSULE","2486.81","120"
"16590023260","TRAZODONE HCL","140.00","120"
"52268010001","GOLYTELY SOLUTION","243.00","4000"
"62756020403","GABAPENTIN 800 MG TABLET","226.80","180"
"68405803636","SPL/MATL PROV-PHYS NOT INCL W/VISIT/OTHR SERV","390.06","120"
"42254010015","APAP/HYDROCODONE BITARTRATE","268.19","120"
"10702000750","CYCLOBENZAPRINE HYDROCHLORIDE","216.53","180"
"00703011303","HYDROMORPHONE HYDROCHLORIDE","1000.00","200"
"33261021802","APAP/HYDROCODONE BITARTRATE","244.38","120"
"00603221521","AMITRIPTYLINE HCL","166.09","168"
"00045006951","LEVAQUIN I.V. 25 MG/ML VIAL","3907.40","700"
"66685170302","CIMETIDINE 400 MG TABLET","369.69","180"
"65597070118","WELCHOL 625 MG TABLET","727.93","540"
"38779056104","INJECTION CLONIDINE HYDROCHLORIDE 1 MG","1620.00","120"
"00270141125","ISOVUE-M 200","348.00","120"
"00406839001","MORPHINE SULFATE","971.49","180"
"33261035000","GLUCOSAMINE & CHONDROITIN","260.40","200"
"51672413001","LAMOTRIGINE","594.21","120"
"50488200302","A.A.G.C. KIT","2198.94","240"
"63629418403","OXYCODONE HCL","193.36","360"
"52372085504","5-METHYLTETRAHYDROFOLATE CALCIUM","249.72","158"
"42254005160","TRAMADOL HYDROCHLORIDE AND ACETAMIN","372.94","180"
"16590022956","TRAMADOL HCL","435.54","168"
"35356080130","OXYCODONE AND ACETAMINOPHEN","552.50","150"
"16590049490","APAP/HYDROCODONE BITARTRATE","336.03","180"
"00591267930","NOVAPLUS LIDOCAINE","767.78","600"
"50111048201","THEOPHYLLINE","112.84","180"
"45963055650","GABAPENTIN 300MG CAPSULE","513.08","270"
"68180024101","LEVOFLOXACIN","301.03","414"
"63874126506","METHADONE HYDROCHLORIDE","699.18","180"
"62991202402","DICLOFENAC SODIUM","259.20","216"
"00832112035","TESTOSTERONE","830.08","300"
"65862037501","ESCITALOPRAM OXALATE","1111.09","180"
"63629379807","HYDROMORPHONE HYDROCHLORIDE","104.10","150"
"42254010030","APAP/HYDROCODONE BITARTRATE","228.87","120"
"00407141485","OMNIPAQUE 350","125.00","125"
"00591082401","OXYCODONE/ACETAMINOPHEN","156.74","150"
"31722021430","SERTRALINE HYDROCHLORIDE","465.62","180"
"00302710401","THIORIDAZINE HCL","1044.00","240"
"63370095025","MORPHINE SULFATE","895.00","1100"
"68462023110","NDC# 68462-0231-10, UN 180.0, OMEPRAZOLE DR 20 MG","1299.34","180"
"63304045830","ONDANSETRON HYDROCHLORIDE","4906.11","180"
"65162075750","DIVALPROEX SODIUM","558.08","120"
"00591379730","ALBUTEROL SULFATE","106.76","180"
"00406577101","METHADONE HYDROCHLORIDE","237.54","150"
"00054011825","ROPINIROLE HYDROCHLORIDE","297.62","270"
"35356076660","HYDROCODONE BITARTRATE AND ACETAMIN","673.73","120"
"16590011983","APAP/HYDROCODONE BITARTRATE","162.00","150"
"86227030105","SURECOMFORT LANCETS","238.00","200"
"55289073701","HYDROCODONE/ACETAMINOPHEN","187.38","120"
"63629130805","CARISOPRODOL","746.20","180"
"00781516960","BUPROPION HYDROCHLORIDE","671.40","180"
"63275620007","SUFENTANIL CITRATE","2500.00","500"
"00378401001","TEMAZEPAM 15 MG CAPSULE","130.90","120"
"52959033502","APAP/PROPOXYPHENE NAPSYLATE","188.84","120"
"00378341105","BUPROPION HYDROCHLORIDE","133.85","180"
"35356066260","TIZANIDINE HCL","227.46","120"
"00093075601","PIROXICAM 10 MG CAPSULE","339.03","180"
"76439013650","TRAMADOL HCL","105.06","120"
"35356076860","PANTOPRAZOLE SODIUM","845.01","180"
"13533080071","GAMUNEX-C 10 GRAM/100 ML VIAL","42000.00","280"
"58914017014","CARAFATE 1 GM/10 ML SUSP","447.76","840"
"51552110007","AMANTADINE HYDROCHLORIDE","149.57","192"
"00378385710","ESCITALOPRAM","693.95","180"
"66267000184","ACETAMINOPHEN/CODEINE","169.62","252"
"38779249308","TRANSDERMAL PAIN BASE","250.56","1728"
"46672005310","APAP/BUTALBITAL/CAFFEINE","107.04","120"
"55111039905","LANSOPRAZOLE","594.00","120"
"49999001730","APAP/HYDROCODONE BITARTRATE","324.71","270"
"00168014030","FLUOCINONIDE 0.05% OINTMENT","455.84","240"
"00406036662","HYDROCODON-ACETAMINOPH 7.5-325","155.90","200"
"35356080260","OXYCODONE AND ACETAMINOPHEN","437.48","120"
"52372091050","DICLOFENAC SODIUM","116.00","7733"
"00049053022","NOVAPLUS PFIZERPEN","105.35","167"
"50436402701","METHOCARBAMOL","270.21","120"
"62756013001","ONDANSETRON HYDROCHLORIDE","2847.60","120"
"21695009990","ORPHENADRINE CITRATE","1100.84","180"
"60760020030","OXYCODONE AND ACETAMINOPHEN","194.41","180"
"42543070010","CARISOPRODOL","125.46","120"
"68084053825","VORICONAZOLE","8442.90","120"
"51927467800","BASE, PCCA SPIRA-WASH","3876.98","223"
"00395011259","SANARE ADVANCED SCAR THERAPY BASE","2231.25","168"
"00781171501","CHLORPROMAZINE HCL","306.58","360"
"00406058201","APAP/OXYCODONE","125.92","120"
"50436391401","APAP/HYDROCODONE BITARTRATE","240.24","120"
"33261005460","HYDROCODONE BITARTRATE/APAP","157.80","120"
"16590022130","TIZANIDINE HCL","321.89","120"
"33261002630","CITALOPRAM HYDROBROMIDE","384.32","120"
"42806000501","OXYCODONE HCL","223.56","120"
"00143999201","GABAPENTIN 100 MG CAPSULE","120.49","120"
"68387023590","HYDROCODONE/ACETAMINOPHEN","230.40","120"
"58016007602","CYCLOBENZAPRINE HYDROCHLORIDE","230.00","120"
"49884013601","OXYCODONE HCL","530.68","120"
"62991142203","CLONIDINE HCI POWDER  2%","541.58","150"
"63629448701","HYDROCODONE/ACETAMINOPHEN","230.40","120"
"58016019502","APAP/HYDROCODONE BITARTRATE","133.32","120"
"55700017030","HYDROCODONE BITARTRATE-ACETAMINOPHE","235.20","120"
"00378156010","PHENYTOIN SODIUM EXTENDED","276.04","450"
"38779252805","VANISH-PEN CREAM BASE","368.80","132"
"00527105001","ACETAZOLAMIDE","189.95","240"
"63481062170","PERCOCET 7.5-500 MG TABLET","2111.12","300"
"33261001602","CARISOPRODOL","749.50","120"
"52959068890","TRAMADOL HCL","290.56","180"
"45802096126","CLOBETASOL PROPIONATE","485.61","118"
"50458064065","TOPAMAX 50 MG TABLET","718.80","120"
"63481081660","OPANA ER (CRUSH RESISTANT","1013.34","120"
"16590011972","HYDROCODONE/ACETAMINOPHEN","128.86","120"
"00781613694","PENICILLIN G POTASSIUM","641.04","133"
"63629286802","TRAMADOL HCL","181.14","120"
"33261005597","APAP/HYDROCODONE BITARTRATE","180.37","126"
"58016023430","CYCLOBENZAPRINE HCL","447.00","120"
"66336059560","THEOPHYLLINE","120.60","180"
"00093738605","VENLAFAXINE HCL ER","962.33","180"
"55111047805","ZOLPIDEM TARTRATE 5 MG TABLET","489.60","120"
"00054457125","METHADONE HCL","153.24","270"
"00378077193","CYCLOBENZAPRINE HYDROCHLORIDE","240.92","120"
"00093003201","OXYCODONE HCL 40 MG ER TABLET","1379.97","120"
"58016081490","AMITRIPTYLINE HCL","382.56","360"
"55045227502","DICLOFENAC SODIUM","266.43","135"
"63275999408","CYCLOBENZAPRINE HCL","1016.29","300"
"00603646821","ZOLPIDEM TARTRATE","754.30","180"
"00023392102","BOTOX 200 UNITS VIAL","1400.00","200"
"35356083660","MORPHINE SULFATE","511.98","180"
"60760053760","NAPROXEN SODIUM","300.00","120"
"00603498228","OXYCODONE AND ACETAMINOPHEN","404.74","120"
"68462016101","METFORMIN HYDROCHLORIDE","266.18","180"
"00832712415","DIVALPROEX SODIUM","1228.39","360"
"45861002101","GABAPENTIN POWDER  10%","1188.08","180"
"68405800426","SUPPL/MAT PROVID-PHYS NOT INCL W/VISIT/OTHR SERV","1496.02","180"
"00603129558","HYDROCODONE/ACETAMINOPHEN","149.36","946"
"51927433000","FLUTICASONE PROPIONATE, MICRONIZED","14982.26","240"
"00591060605","LABETALOL HYDROCHLORIDE","631.95","180"
"57237004805","DIVALPROEX SODIUM","334.79","120"
"57664037088","OXYCODONE HYDROCHLORIDE","125.00","240"
"00074307490","NIASPAN ER 500 MG TABLET","472.20","120"
"63629162204","METHOCARBAMOL","110.68","120"
"68462019005","NAPROXEN 500 MG TABLET","124.80","120"
"68180026601","DIVALPROEX SODIUM","125.74","180"
"31722053705","LEVETIRACETAM","1130.47","180"
"42806000801","OXYCODONE HCL","344.65","120"
"00781178910","DICLOFENAC SODIUM","403.13","180"
"33261038960","TRAMADOL HYDROCHLORIDE AND ACETAMIN","248.52","120"
"00487990425","ALBUTEROL SULFATE","502.15","825"
"33261000160","ACETAMINOPHEN/CODEINE","138.48","120"
"65162004910","OXYCODONE HCL","692.13","120"
"53746061701","TRAMADOL HYDROCHLORIDE AND ACETAMIN","157.58","120"
"66993002227","LEVALBUTEROL HCL","529.78","216"
"68382000610","LAMOTRIGINE","664.77","120"
"52959060100","VOLTAREN GEL","252.00","400"
"00378266001","MORPHINE SULFATE","601.63","180"
"53225102301","LIDOPRO PATCH","5472.00","120"
"63629490002","TRAMADOL HYDROCHLORIDE","1417.94","120"
"35356081760","OXYCODONE AND ACETAMINOPHEN","432.08","120"
"36800095009","RANITIDINE HCL","181.55","120"
"68115017199","APAP/HYDROCODONE BITARTRATE","101.28","120"
"57664050313","TIZANIDINE HCL","153.60","120"
"58016075860","APAP/HYDROCODONE BITARTRATE","150.00","120"
"57664050289","TIZANIDINE HCL","222.90","180"
"38779052105","MENTHOL CRYSTALS","196.95","107"
"60505130901","CIPROFLOXACIN HCL 500 MG TAB","181.50","500"
"16714065202","CIPROFLOXACIN","288.50","120"
"67877022305","GABAPENTIN 300MG CAP  100%","268.32","140"
"00574024601","HYOSCYAMINE SULFATE","276.94","120"
"63304062210","ATENOLOL 50 MG TABLET","314.72","120"
"00093094805","DICLOFENAC POTASSIUM","192.86","120"
"59746070510","CARISOPRODOL","148.11","270"
"65162046819","CLINDAMYCIN PALMITATE HCL","314.15","400"
"68084008090","GABAPENTIN 300 MG CAPSULE","493.80","180"
"50111043401","TRAZODONE 100 MG TABLET","113.00","120"
"00603388522","APAP/HYDROCODONE BITARTRATE","214.14","120"
"63629133906","CYCLOBENZAPRINE HYDROCHLORIDE","276.91","120"
"51927316800","BASE, PCCA EMOLLIENT","120.78","123"
"42254031060","LEVETIRACETAM","3302.40","120"
"58016026112","CARISOPRODOL","474.82","120"
"00093078710","ATENOLOL 25 MG TABLET","107.72","120"
"55045381106","ZOLPIDEM TARTRATE","645.00","120"
"55045326202","TRAMADOL HCL","284.70","200"
"17433987603","ENEMEEZ MINI ENEMA","150.00","150"
"50383092493","BUPRENORPHINE HYDROCHLORIDE","1476.30","270"
"52152013602","CARISOPRODOL","330.60","3090"
"00781932795","CEFTRIAXONE NOVAPLUS","148.00","250"
"00093738505","VENLAFAXINE HCL ER 75 MG CAP","3014.11","630"
"52372080402","IMIPRAMINE HCL","111.38","720"
"16590022930","TRAMADOL HCL","227.90","120"
"00187514850","RETIN-A MICRO","4374.40","200"
"63874033040","CARISOPRODOL","333.84","120"
"38779249305","TRANSDERMAL PAIN BASE","211.79","134"
"62037067410","METFORMIN HYDROCHLORIDE","217.85","120"
"52152023421","TIZANIDINE HCL","303.38","180"
"57664010818","PROMETHAZINE HCL","128.07","270"
"00115123301","OXYMORPHONE HYDROCHLORIDE","597.64","120"
"33261038790","CARISOPRODOL","1312.74","270"
"68382000905","LAMOTRIGINE","1641.47","360"
"00185006301","CLONAZEPAM 0.5 MG TABLET","126.90","120"
"55045327708","BUSPIRONE HCL","251.64","180"
"16590022950","TRAMADOL HCL","203.76","120"
"60429024215","TIZANIDINE HCL","710.01","240"
"45802011222","MUPIROCIN 2% OINTMENT","444.25","110"
"50458051560","TYLENOL WITH CODEINE NO. 4","375.56","180"
"65862050320","AMOXICILLIN AND CLAVULANATE POTASSI","536.40","120"
"43063041930","METHOCARBAMOL","334.26","180"
"58016049502","APAP/HYDROCODONE BITARTRATE","139.33","120"
"68405000736","LYTENSOPRIL-90","428.25","120"
"52959088030","ZOLPIDEM TARTRATE","616.80","120"
"13668013605","ESCITALOPRAM","108.84","300"
"00093716898","AMLODIPINE BESYLATE","218.89","180"
"00172572860","NDC# 00172-5728-60, UN 180.0, FAMOTIDINE 20 MG TAB","738.20","180"
"00054023525","MORPHINE SULFATE","200.38","120"
"50111064803","FLUOXETINE HCL","476.73","180"
"54569636001","CYCLOBENZAPRINE HYDROCHLORIDE","530.97","120"
"00054012125","ROPINIROLE HYDROCHLORIDE","308.71","270"
"69387010701","VALPROIC ACID","100.80","240"
"55111033290","PANTOPRAZOLE SODIUM","596.65","120"
"63629167302","TIZANIDINE HCL","293.70","120"
"13668010326","DONEPEZIL HCL","1195.87","180"
"62991307403","SCAR CARE CREAM","2948.40","226"
"55700022060","HYDROCODONE BITARTRATE-ACETAMINOPHE","405.82","120"
"58016026160","CARISOPRODOL","518.00","120"
"47335073713","BUPROPION HYDROCHLORIDE SR","347.94","180"
"68001016200","PROMETHAZINE HCL","150.39","270"
"59762154001","AMLODIPINE BESYLATE","185.92","330"
"55045292801","TRAMADOL HCL","293.44","200"
"42858080401","MORPHINE SULFATE","896.88","200"
"00173088210","BREO ELLIPTA","1737.41","180"
"65862001001","METFORMIN HCL","267.38","180"
"63629174703","BUSPIRONE HCL","358.80","120"
"59762141606","MIRTAZAPINE 15 MG TABLET","188.06","120"
"00185044801","METAXALONE 800 MG TABLET","927.14","120"
"00406097001","APAP/BUTALBITAL/CAFFEINE","298.56","120"
"58016075800","APAP/HYDROCODONE BITARTRATE","159.96","180"
"45802006436","TRIAMCINOLONE ACETONIDE","267.55","300"
"00409427602","LIDOCAINE HYDROCHLORIDE","120.00","120"
"42254007990","APAP/HYDROCODONE BITARTRATE","233.41","120"
"63629153200","HYDROCODONE BITARTRATE AND ACETAMIN","261.86","168"
"00591588201","METHYLPHENIDATE HCL","328.08","180"
"00093645198","ESOMEPRAZOLE MAGNESIUM","1848.30","180"
"65862052301","GABAPENTIN 600 MG TABLET","549.00","180"
"00591354360","BUPROPION HYDROCHLORIDE SR","706.60","120"
"63824017563","DELSYM 30 MG/5 ML SUSPENSION","265.75","445"
"13107002199","HYDROCODONE BITARTRATE-ACETAMINOPHE","319.94","180"
"00093081201","NORTRIPTYLINE HCL","504.27","180"
"00378054101","CIMETIDINE 800 MG TABLET","2688.95","180"
"55045309401","ACETAMINOPHEN/CODEINE","175.50","120"
"31722028201","CYCLOBENZAPRINE HYDROCHLORIDE","2134.44","540"
"27808003602","HYDROCODONE BITARTRATE-ACETAMINOPHE","119.53","120"
"68387020060","HYDROCODONE/ACETAMINOPHEN","176.40","120"
"00054023524","MORPHINE SULFATE","971.49","180"
"00904222160","CYCLOBENZAPRINE HCL","960.00","120"
"00406035805","HYDROCODON-ACETAMINOPH 7.5-500","200.40","120"
"68405805836","SUPPL/MAT PROVID-PHYS NOT INCL W/VISIT/OTHR SERV","301.65","150"
"16590022090","TIZANIDINE HCL","585.15","270"
"60505377803","VENLAFAXINE HCL ER 37.5 MG CAP","665.91","180"
"38779018905","AMITRIPTYLINE HCL","3477.43","240"
"57664050018","MIRTAZAPINE","159.05","120"
"35356093730","OXYCODONE AND ACETAMINOPHEN","1109.16","180"
"66336091594","TRAMADOL HCL","195.00","120"
"23155010210","METFORMIN HYDROCHLORIDE","108.88","120"
"63629415303","OXYCODONE HCL","428.40","120"
"33261038702","CARISOPRODOL","640.00","120"
"42549052790","TRAMADOL HYDROCHLORIDE","282.60","180"
"00185004109","FOSINOPRIL SODIUM","385.71","180"
"33261000202","ACETAMINOPHEN/CODEINE","340.14","120"
"16590011830","APAP/HYDROCODONE BITARTRATE","109.20","120"
"63275993609","AMITRIPTYLINE HCL POWDER  4%","145.80","180"
"16590061262","APAP/OXYCODONE","999.96","252"
"00591278886","TIZANIDINE HCL","333.36","120"
"50436980205","CYCLOBENZAPRINE HCL","964.74","540"
"00406114401","METHYLPHENIDATE HYDROCHLORIDE","155.03","180"
"65862052899","VENLAFAXINE HYDROCHLORIDE","1168.97","300"
"65162057310","BETHANECHOL CHLORIDE","240.50","120"
"68462035594","DICLOFENAC SODIUM","4256.05","300"
"51552002401","DEXAMETHASONE  2%","457.86","240"
"35356081730","OXYCODONE AND ACETAMINOPHEN","839.90","150"
"00071101568","LYRICA 100 MG CAPSULE","510.25","180"
"62991308402","NDC# 62991-3084-02, UN 117.75, SCAR CARE BASE ENHA","1295.93","117"
"33261010598","TRAMADOL HCL","388.52","168"
"63629153308","HYDROXYZINE PAMOATE","333.52","120"
"68382001005","LAMOTRIGINE","894.41","180"
"00904588861","THEOPHYLLINE","138.72","180"
"63629330902","SERTRALINE HCL","698.18","120"
"62756035666","ONDANSETRON","892.00","132"
"00603233921","ACETAMINOPHEN-CODEINE PHOSPHATE","236.88","180"
"68462015713","ONDANSETRON","633.66","200"
"00603389022","APAP/HYDROCODONE BITARTRATE","141.90","120"
"33261008560","NAPROXEN SODIUM","505.56","120"
"63629328901","SERTRALINE HYDROCHLORIDE","490.32","168"
"42549050328","CARISOPRODOL","465.04","112"
"53265025611","APAP/PROPOXYPHENE NAPSYLATE","108.77","120"
"42549062701","VOLTAREN GEL","153.72","300"
"00168016330","CLOBETASOL PROPIONATE","187.80","120"
"54868459805","HYDROMORPHONE HYDROCHLORIDE","311.85","120"
"00409651049","NOVAPLUS STERILE VANCOMYCIN HYDROCH","1026.74","113"
"60429015760","OMEPRAZOLE 20 MG CAPSULE DR","1006.20","120"
"00603388322","HYDROCODONE-APAP 7.5-750 TAB","109.89","120"
"63629494101","VOLTAREN GEL","196.87","200"
"16590061472","APAP/OXYCODONE","129.80","120"
"76204020025","ALBUTEROL SULFATE","512.51","1050"
"63629332401","VENLAFAXINE HCL","309.46","120"
"00839624616","CARISOPRODOL","1116.83","120"
"49999006430","CARISOPRODOL","1123.00","180"
"24385034727","NATURAL VEGETABLE POWDER","199.85","390"
"61808011001","BUTALB-ACETAMIN-CAFF 50-325-40","110.00","120"
"52959037102","APAP/HYDROCODONE BITARTRATE","215.40","150"
"68405003736","HYPERTENIPINE-2.5","326.36","120"
"35356084730","CYCLOBENZAPRINE HYDROCHLORIDE","708.48","360"
"00395232516","POVIDONE-IODINE","223.80","473"
"50111032803","HYDRALAZINE HCL","286.24","120"
"00573287120","PREPARATION H","118.00","456"
"60793041130","FLECTOR 1.3% PATCH","2436.50","180"
"50436980206","CYCLOBENZAPRINE HYDROCHLORIDE","433.09","240"
"38779018908","(F)AMITRIPTYLINE HCL POWDER  5%","277.96","240"
"35356076560","CYCLOBENZAPRINE HYDROCHLORIDE","511.34","120"
"63629318402","OXYCODONE AND ACETAMINOPHEN","181.99","120"
"57237012201","WARFARIN SODIUM","176.58","270"
"68115006390","CARISOPRODOL","1036.98","180"
"55700017560","OXYCODONE HYDROCHLORIDE","904.83","120"
"68382002901","METFORMIN HCL 850 MG TABLET","208.08","120"
"52959048690","GLUCOSAMINE/CHONDROITIN 500 COMPLEX","567.96","145"
"00093738201","VENLAFAXINE HCL 75 MG TABLET","816.57","120"
"00603388726","HYDROCODONE BITARTRATE-ACETAMINOPHE","282.76","120"
"52959041560","APAP/HYDROCODONE BITARTRATE","138.00","120"
"00409651001","VANCOMYCIN HYDROCHLORIDE","1350.90","180"
"50436030201","RABEPRAZOLE SODIUM","1553.44","120"
"00228253010","NIFEDIPINE 20 MG CAPSULE","1091.24","180"
"31722053301","METHOCARBAMOL","126.90","240"
"16714044802","AMITRIPTYLINE HCL","294.27","180"
"63629283302","NORTRIPTYLINE HYDROCHLORIDE","161.36","120"
"65162005210","CITALOPRAM HYDROBROMIDE","535.28","180"
"00603411028","ISOSORBIDE MONONITRATE","344.62","180"
"60429051001","APAP/HYDROCODONE BITARTRATE","245.50","168"
"62175027237","OXYBUTYNIN CHLORIDE ER","275.23","180"
"00603360921","HYDROCODONE BITARTRATE-ACETAMINOPHE","145.22","120"
"49884001908","OMEGA-3-ACID ETHYL ESTERS","468.11","120"
"00591024101","LORAZEPAM 1 MG TABLET","356.80","180"
"00591080105","HYDROXYZINE PAMOATE","286.32","120"
"55045312309","CARISOPRODOL","379.20","903"
"53746019010","NAPROXEN 500 MG TABLET","575.00","120"
"68382002101","VENLAFAXINE HCL","712.09","270"
"00228300350","CLONAZEPAM 0.5 MG TABLET","126.86","120"
"31722027301","RAMIPRIL 5 MG CAPSULE","365.59","240"
"68084033301","DICLOFENAC SODIUM DR","398.25","180"
"00378710301","OXYCODONE AND ACETAMINOPHEN","201.72","120"
"51672403201","WARFARIN SODIUM","147.17","250"
"63874033760","RANITIDINE HCL","887.40","180"
"63874033704","RANITIDINE HCL","526.62","120"
"43063023120","APAP/OXYCODONE","270.00","120"
"49452002904","HYDROMORPHONE HCL","300.00","150"
"13668000505","SERTRALINE HYDROCHLORIDE","1174.50","150"
"50436302601","ZOLPIDEM TARTRATE","1311.89","180"
"60951065570","MORPHINE SULFATE","600.23","180"
"66336046060","ZOLPIDEM TARTRATE","740.55","120"
"38779070105","HRT CREAM BASE","750.00","125"
"65862037505","ESCITALOPRAM","1111.09","180"
"66993002327","LEVALBUTEROL HCL","458.64","288"
"43386068001","PENTAZOCINE HYDROCHLORIDE/NALOXONE","303.92","120"
"33261076101","ONDANSETRON","402.08","120"
"57664047458","METFORMIN HCL","265.58","180"
"53265033503","APAP-HYDROCODONE","220.26","120"
"65862019905","GABAPENTIN 300 MG CAPSULE","295.02","180"
"13107004401","OXYCODONE AND ACETAMINOPHEN","108.40","180"
"59762372203","ALPRAZOLAM 2 MG TABLET","266.63","120"
"68115017099","APAP/HYDROCODONE BITARTRATE","235.20","120"
"66336070360","APAP/BUTALBITAL/CAFFEINE","445.58","240"
"55045305801","CYCLOBENZAPRINE HCL","251.10","120"
"33261076560","PANTOPRAZOLE SODIUM","625.20","120"
"55111058701","AMLODIPINE-BENAZEPRIL 5-40 MG","406.45","120"
"00143129005","METHOCARBAMOL","155.46","120"
"00008070407","EFFEXOR 75 MG TABLET","917.86","120"
"00591060601","LABETALOL HCL","111.00","120"
"68180044503","QUETIAPINE FUMARATE","388.67","120"
"76420029930","VITALEE TABLET","156.08","300"
"61748004416","AMINOCAPROIC ACID 25% SOLUTION","680.21","480"
"68405001636","TREPOXEN-250","759.92","240"
"00603646928","ZOLPIDEM TARTRATE","201.77","630"
"49452003201","FENTANYL CITRATE","1125.00","500"
"62991307602","SALT DURABLE CREAM","1080.00","180"
"63629354802","ZOLPIDEM TARTRATE","899.71","120"
"58016038110 ","DICLOFENAC SODIUM","236.19","135"
"67877016930","ONDANSETRON HCL","3792.48","180"
"68387030060","APAP/HYDROCODONE BITARTRATE","277.53","180"
"33261021860","APAP/HYDROCODONE BITARTRATE","251.88","120"
"63629542204","HYDROCODONE BITARTRATE-ACETAMINOPHE","228.39","120"
"49999085130","OXYCODONE HCL","902.92","120"
"00591401201","VALPROIC ACID","102.28","120"
"16590089330","TRAMADOL HCL ER","799.46","120"
"38779036205","FLURBIPROFEN","1004.40","180"
"65862000330","MIRTAZAPINE","234.95","180"
"23155024801","VENLAFAXINE","253.60","120"
"16590054460","CYCLOBENZAPRINE HYDROCHLORIDE","263.52","120"
"50111032703","HYDRALAZINE 25 MG TABLET","279.79","120"
"55045292602","TIZANIDINE HCL","281.34","120"
"00591074905","APAP/OXYCODONE","165.84","120"
"42549068228","CARISOPRODOL","465.04","112"
"00603158654","PROMETHAZINE DM","227.09","120"
"55045189705","ACETAMINOPHEN/CODEINE","121.40","120"
"60505008304","PAROXETINE HCL","993.88","120"
"65862059401","DIVALPROEX SODIUM","446.04","180"
"38779041105","AMANTADINE HCL","465.60","192"
"33261000260","ACETAMINOPHEN/CODEINE PHOSPHATE","347.64","120"
"00603497532","OXYBUTYNIN CHLORIDE","117.56","270"
"13668001006","CITALOPRAM HYDROBROMIDE","374.03","180"
"16729017401","AMITRIPTYLINE HCL","832.62","180"
"60760037790","TRAMADOL HCL","403.00","270"
"00603388712","HYDROCODON-ACETAMINOPHN 10-325","178.80","120"
"50111045601","OXYBUTYNIN CHLORIDE","161.51","270"
"00591071860","BUSPIRONE HCL","293.57","120"
"45861001405","MEDROX PATCH","738.00","120"
"59316010215","BIOFREEZE COLD THERAPY PAIN RELIEF","132.62","118"
"21695017200","BUSPIRONE HYDROCHLORIDE","535.23","120"
"49999085160","OXYCODONE HYDROCHLORIDE","500.50","120"
"59762372201","ALPRAZOLAM 2 MG TABLET","292.02","120"
"55700017401","OXYCODONE HYDROCHLORIDE","590.54","120"
"68308014501","OXYCODONE HYDROCHLORIDE","119.61","180"
"33261010502","TRAMADOL HYDROCHLORIDE","200.67","120"
"00115544513","BUPROPION HCL","544.68","180"
"51927133900","DEXTROMETHORPHAN POWDER  10%","264.84","180"
"00781106105","ALPRAZOLAM 0.25 MG TABLET","123.60","120"
"00766041970","CITRUCEL 500 MG CAPLET","234.51","120"
"00879071550","HYDROMORPHONE HYDROCHLORIDE","457.92","240"
"00781106110","ALPRAZOLAM 0.25 MG TABLET","150.00","120"
"16590006530","CYCLOBENZAPRINE HYDROCHLORIDE","232.58","120"
"45861011501","ACTIVE-PREP KIT IV","3131.04","240"
"60104601802","CARISOPRODOL","354.00","120"
"38779052103","MENTHOL CRYSTALS","252.06","120"
"52959041502","APAP/HYDROCODONE BITARTRATE","140.79","120"
"64764080530","ROZEREM 8 MG TABLET","1696.56","120"
"00597001314","COMBIVENT INHALER","460.35","147"
"63629354901","ZOLPIDEM TARTRATE","800.16","180"
"00555087702","FLUOXETINE HCL","455.74","120"
"67618030050","SENOKOT 8.6 MG TABLET","109.95","180"
"63629130803","CARISOPRODOL","568.79","120"
"68387090090","TRAMADOL HCL","304.27","180"
"00113030603","CLEARLAX POWDER","237.71","510"
"54868502401","APAP/OXYCODONE","439.18","120"
"50436399601","LAMOTRIGINE","656.57","120"
"49999003430","CYCLOBENZAPRINE HCL","294.38","120"
"64720013510","DEXTROAMPH SACC/AMPH ASP/DEXTROAM S","291.91","120"
"00527058601","DICYCLOMINE HCL","120.90","120"
"66336055460","ORPHENADRINE CITRATE","263.34","120"
"00904543160","NAPROXEN SODIUM","132.68","550"
"00406059301","OXYCODONE HCL ER","384.12","180"
"42549068290","CARISOPRODOL","1014.52","270"
"31722022505","GEMFIBROZIL","340.92","120"
"45861001901","FLURBIPROFEN POWDER  10%","831.58","180"
"68084060101","HYDROCODONE BITARTRATE AND ACETAMIN","424.44","270"
"59746017706","CYCLOBENZAPRINE HYDROCHLORIDE","138.94","120"
"68115030599","APAP/PROPOXYPHENE NAPSYLATE","215.20","120"
"55045143304","CARISOPRODOL","510.60","120"
"47781026401","OXYCODONE HYDROCHLORIDE","296.21","150"
"00378808801","TRAMADOL HYDROCHLORIDE AND ACETAMIN","132.98","180"
"45802005536","TRIAMCINOLONE ACETONIDE","258.04","240"
"00378670977","RABEPRAZOLE SODIUM","1147.43","120"
"68180044701","QUETIAPINE FUMARATE","2225.98","270"
"00172409870","NABUMETONE 500 MG TABLET","280.44","120"
"16714045501","QUETIAPINE FUMARATE","3734.34","180"
"63629542201","HYDROCODONE BITARTRATE-ACETAMINOPHE","228.39","120"
"55289080260","APAP/HYDROCODONE BITARTRATE","232.45","120"
"16714031401","VENLAFAXINE","266.37","120"
"00603388820","APAP/HYDROCODONE BITARTRATE","376.00","240"
"00603389020","HYDROCODONE-APAP","393.67","120"
"65162044211","MECLIZINE HYDROCHLORIDE","197.37","270"
"00406152155","MORPHINE SULFATE","200.00","420"
"00781105301","BUPROPION HCL","186.53","300"
"16714034102","CLONIDINE HYDROCHLORIDE","195.95","120"
"00781106410","BUPROPION HYDROCHLORIDE","145.67","120"
"68387049712","TRAMADOL HYDROCHLORIDE/AC","166.80","120"
"62991135202","HYALURONIC ACID  0.1%","216.26","180"
"68084005701","METHOCARBAMOL","129.93","120"
"00603499821","APAP/OXYCODONE","120.10","120"
"68462035901","NABUMETONE 750 MG TABLET","169.09","120"
"16714045202","QUETIAPINE FUMARATE","530.40","120"
"00093444305","GABAPENTIN 600 MG TABLET","258.89","120"
"68180011202","LEVETIRACETAM","327.78","120"
"00186037020","SYMBICORT 160-4.5 MCG INHALER","481.70","102"
"68308011101","OXYCODONE HCL","351.05","150"
"47335085983","TRAMADOL HYDROCHLORIDE","1753.08","270"
"47335073686","BUPROPION HYDROCHLORIDE SR","850.00","120"
"18837024660","BUPROPION HYDROCHLORIDE","128.37","600"
"00603212832","ALPRAZOLAM 0.5 MG TABLET","165.37","120"
"31722053805","LEVETIRACETAM","1529.91","180"
"59762014201","TRANDOLAPRIL/VERAPAMIL HCL","2142.57","270"
"00406055223","OXYCODONE HCL","368.88","224"
"55289073720","HYDROCODONE BITARTRATE-ACETAMINOPHE","309.48","120"
"66336063530","CARISOPRODOL","951.31","120"
"00591033801","DICLOFENAC SOD EC 50 MG TAB","380.86","120"
"00603137858","LACTULOSE 10 GM/15 ML SOLUTION","263.95","473"
"63629149404","ACETAMINOPHEN/CODEINE","169.62","252"
"68001020400","LABETALOL HYDROCHLORIDE","294.80","270"
"63629162305","METHOCARBAMOL","150.00","120"
"10702000603","CYCLOBENZAPRINE HYDROCHLORIDE","429.14","210"
"16590014860","METHOCARBAMOL","163.98","120"
"01402-AA P3","ANESTH OPEN/SURG ARTHRS TOTAL KNEE ARTHROPLASTY","513.19","158"
"13107000330","MIRTAZAPINE","282.81","120"
"00781312695","NAFCILLIN SODIUM","2840.54","400"
"49999015160","BUTALBITAL-ACETAMINOPHEN-CAFFEINE","412.67","180"
"12496130602","SUBOXONE 8 MG-2 MG TABLET SL","1269.52","120"
"45861000301","MENTHODERM OINTMENT","300.00","120"
"66336066360","CHLORZOXAZONE","359.53","120"
"49999004660","ORPHENADRINE CITRATE","653.93","180"
"61919030590","CYCLOBENZAPRINE HCL","304.00","120"
"65862020001","GABAPENTIN 400 MG CAPSULE","237.90","120"
"00591046005","GLIPIZIDE 5 MG TABLET","284.47","180"
"50458063965","TOPAMAX 25 MG TABLET","360.00","120"
"00781531701","ZOLPIDEM TARTRATE","839.01","180"
"68308084301","OXYCODONE HCL-ACETAMINOPHEN","521.31","120"
"68258713001","LAMOTRIGINE","690.71","120"
"00093834410","GLYBURIDE 5 MG TABLET","247.79","120"
"33261005690","APAP/HYDROCODONE BITARTRATE","261.96","180"
"00603616128","TRAZODONE HYDROCHLORIDE","324.21","180"
"00603389021","HYDROCODONE BITARTRATE-ACETAMINOPHE","107.73","120"
"13668001605","LEVETIRACETAM","932.57","120"
"00378320501","PRAZOSIN HCL","101.81","120"
"00025152051","CELEBREX 100 MG CAPSULE","529.88","180"
"55045112702","APAP/PROPOXYPHENE NAPSYLATE","214.14","180"
"42858010401","OXYCODONE HCL-ACETAMINOPHEN","521.31","120"
"55289096530","HYDROCODONE/ACETAMINOPHEN","232.75","120"
"33261005302","APAP/HYDROCODONE BITARTRATE","141.90","120"
"60505017102","TRAMADOL HCL","203.00","200"
"55045206800","NAPROXEN SODIUM","559.32","240"
"00406147301","METHYLPHENIDATE HYDROCHLORIDE","245.99","180"
"68180031301","IMIPRAMINE HYDROCHLORIDE","105.84","120"
"50458064165","TOPAMAX 100 MG TABLET","958.80","120"
"00603221232","AMITRIPTYLINE HCL 10 MG TAB","110.00","120"
"53746010910","HYDROCODONE BITARTRATE AND ACETAMIN","119.12","270"
"63629542202","HYDROCODONE BITARTRATE-ACETAMINOPHE","228.39","120"
"49452240704","CYCLOBENZAPRINE HCL POWDER","766.80","120"
"49999021530","NORTRIPTYLINE HYDROCHLORIDE","400.90","180"
"33261010591","TRAMADOL HCL","441.50","200"
"66336063590","CARISOPRODOL","1308.00","180"
"64980051110","CLINDAMYCIN PALMITATE HYDROCHLORIDE","236.61","300"
"63629415304","OXYCODONE HCL","387.38","120"
"62175049064","HYDROCODONE AND CHLORPHENIRAMINE PE","100.20","115"
"16590083556","OXYCODONE HCL","368.88","224"
"60429057301","HYDROCODONE/ACETAMINOPHEN","133.16","120"
"00766042520","CITRUCEL 500 MG CAPLET","234.51","120"
"50436675602","TIZANIDINE HCL","468.09","180"
"57346011005","SUPPL/MAT PROVID-PHYS NOT INCL W/VISIT/OTHR SERV","111.60","120"
"65862019901","GABAPENTIN 300 MG CAPSULE","294.80","180"
"68084042301","HYDROMORPHONE HYDROCHLORIDE","128.29","120"
"68180029509","DULOXETINE HYDROCHLORIDE","895.05","120"
"42858000401","OXYCODONE HCL","468.71","120"
"00169185275","NOVOFINE AUTOCOVER 30G","344.95","600"
"65862052830","VENLAFAXINE HYDROCHLORIDE","703.85","120"
"64679093602","FAMOTIDINE 20MG #120","180.54","120"
"49452046001","AMITRIPTYLINE HCL POWDER","998.40","120"
"67405067196","HYDROXYZINE HYDROCHLORIDE","127.47","120"
"16714037702","QUETIAPINE FUMARATE","2201.63","180"
"64679067001","LANSOPRAZOLE","1278.08","180"
"65862019399","FLUOXETINE HCL 20 MG CAPSULE","189.00","180"
"38779255808","ALPHA LIPOIC ACID","3988.01","300"
"00406833062","MORPHINE SULFATE","183.35","120"
"52959093060","DENDRACIN NEURODENDRAXCIN","328.80","120"
"63629320903","TIZANIDINE HCL","463.83","270"
"00093728689","LEVETIRACETAM","1521.82","540"
"00037200185","SOMA 350 MG TABLET","852.00","120"
"60505251901","CITALOPRAM HYDROBROMIDE","206.11","180"
"51991003206","GLUCOSAMINE CHONDROITIN","101.59","120"
"55111032101","GLIMEPIRIDE","122.22","180"
"59630091210","XODOL 5/300","806.08","120"
"23710090201","SUPPLIES&MATERIALS ABOVE/BEYOND PROV BY PHYS/QHP","976.27","120"
"63629167308","TIZANIDINE HCL","398.31","252"
"68405801426","SUPPLIES&MATERIALS PRV BY PHYS >&ABOVE","819.32","180"
"50742010210","ATENOLOL 50 MG TABLET","216.12","180"
"49452488301","CAPSICUM OLEORESIN","571.20","120"
"68774016201","OXYCODONE HCL","1186.80","150"
"00093738456","VENLAFAXINE HYDROCHLORIDE","699.44","120"
"66336030360","HYDROMORPHONE HYDROCHLORIDE","118.08","120"
"49999085360","OXYCODONE HYDROCHLORIDE/ACETAMINOPH","614.74","120"
"50436437905","PROMETHAZINE HCL","105.42","180"
"62756013802","GABAPENTIN 300 MG CAPSULE","489.52","120"
"49999084660","MORPHINE SULFATE ER","530.92","120"
"66336047060","OXYCODONE HCL","158.78","120"
"00093035001","ACETAMINOPHEN AND CODEINE PHOSPHATE","229.52","120"
"00310028360","SEROQUEL XR","2973.43","180"
"16714044702","AMITRIPTYLINE HCL","184.33","120"
"00378258801","HYDROXYZINE HYDROCHLORIDE","143.38","125"
"21695012715","TIZANIDINE HCL","521.10","120"
"16714062102","ZOLPIDEM TARTRATE","177.24","17724"
"00378166719","TIZANIDINE HYDROCHLORIDE","871.80","120"
"50268040815","HYDROCODONE BITARTRATE/ACETAMINOPHE","241.92","120"
"00781223301","OMEPRAZOLE DR 20 MG CAPSULE","702.50","200"
"00068041907","CITRUCEL POWDER REGULAR","234.51","120"
"50383074016","ALBUTEROL SULFATE","177.32","480"
"68115017360","APAP/HYDROCODONE BITARTRATE","150.00","120"
"63629394101","DICLOFENAC SODIUM","846.00","120"
"63275999409","CYCLOBENZAPRINE POWDER  4%","370.64","180"
"00093083210","CLONAZEPAM 0.5 MG TABLET","232.04","120"
"60760089060","APAP/PROPOXYPHENE NAPSYLATE","180.00","120"
"49999060801","HYDROCODONE-APAP","289.16","120"
"45861001601","LENZA PAIN RELIEF GEL 120GM","489.65","120"
"00168016360","CLOBETASOL PROPIONATE","292.00","120"
"61392071660","CYCLOBENZAPRINE","501.60","120"
"00096068504","SOLBAR PF SPF30","227.25","113"
"42549057404","HYDROMORPHONE HCL","246.48","140"
"00172640549","ALBUTEROL SULFATE","170.43","360"
"00527132601","URSODIOL 300 MG CAPSULE","378.67","120"
"16590011960","HYDROCODONE/ACETAMINOPHEN","348.35","300"
"37803070104","GABAPENTIN POWDER  66.6667%","784.65","120"
"51991029201","OXCARBAZEPINE","191.48","160"
"68387030012","HYDROCODONE/ACETAMINOPHEN","133.20","120"
"68308047547","OXYCODONE/ACETAMINOPHEN","167.39","120"
"63629334502","MIRTAZAPINE","146.16","120"
"00555032304","HYDROXYZINE PAMOATE","286.56","120"
"16590022971","TRAMADOL HCL","570.08","200"
"33261003890","DICLOFENAC POTASSIUM","499.68","180"
"00713064086","HALOBETASOL PROPIONATE","1748.12","200"
"52244044910","ROBAXIN-750","444.89","180"
"00078044605","VOLTAREN-XR","699.60","120"
"65862022701","LAMOTRIGINE","356.40","120"
"63868017742","QUALITY CHOICE OMEPRAZOLE MAGNESIUM","290.44","120"
"16590022984","TRAMADOL HCL","740.91","480"
"35356065930","TRAMADOL HYDROCHLORIDE","330.95","120"
"68180026702","DIVALPROEX SODIUM","152.91","120"
"00591024210","LORAZEPAM 2 MG TABLET","201.13","120"
"59762500801","MISOPROSTOL","174.67","180"
"00093719805","FLUOXETINE HCL","695.33","180"
"00093007301","ZOLPIDEM TARTRATE","839.01","180"
"23155010601","HYDROXYZINE HCL 25 MG TABLET","139.21","120"
"47781026505","OXYCODONE HYDROCHLORIDE","344.64","120"
"33261005892","APAP/HYDROCODONE BITARTRATE","151.66","112"
"62991306405","(F)FLURBIPROFEN POWDER  20%","1725.57","180"
"68382012205","AMLODIPINE BESYLATE","153.25","15325"
"00135019907","CITRUCEL WITH SMARTFIBER","236.79","120"
"63874126904","DENDRACIN NEURODENDRAXCIN","411.46","120"
"47335086083","TRAMADOL HYDROCHLORIDE","727.10","120"
"66267059884","TIZANIDINE HCL","457.47","252"
"00405451301","HYDROXYZINE HCL","522.40","240"
"66336082694","NAPROXEN SODIUM","637.32","120"
"65162004710","OXYCODONE HCL","159.86","120"
"38779056101","CLONIDINE HCL","116.85","600"
"00603499828","APAP/OXYCODONE","526.05","120"
"49999085301","OXYCODONE HYDROCHLORIDE/ACETAMINOPH","498.67","120"
"00228427111","MORPHINE SULFATE","545.60","170"
"47335060518","ALPRAZOLAM 1 MG TABLET","191.63","180"
"68001020006","DICLOFENAC SODIUM","234.15","120"
"42858080101","MORPHINE SULFATE","431.93","180"
"55045319506","BUPROPION HCL","264.42","180"
"58016070830","TRAMADOL HYDROCHLORIDE","319.95","120"
"00071000724","DILANTIN INFATABS","246.99","450"
"68387090024","TRAMADOL HCL","436.55","240"
"42043032003","ESZOPICLONE","3158.54","270"
"00378699091","ALBUTEROL SULFATE","199.17","360"
"68405001916","APPFORMIN-D","295.83","150"
"62756045788","CARBIDOPA AND LEVODOPA","394.06","180"
"49502069761","ALBUTEROL SULFATE","353.48","1080"
"00054043825","LEVORPHANOL TARTRATE","1023.00","210"
"16714066101","GABAPENTIN 100 MG CAPSULE","187.77","120"
"49999085230","OXYCODONE HYDROCHLORIDE/ACETAMINOPH","785.60","240"
"57664050213","TIZANIDINE HCL 2 MG TABLET","318.00","120"
"00074679922","KALETRA 200-50 MG TABLET","682.26","112"
"68382002905","METFORMIN HCL 850 MG TABLET","435.43","180"
"00591578701","NORTRIPTYLINE HCL","123.16","120"
"63629543408","HYDROCODONE BITARTRATE-ACETAMINOPHE","177.94","180"
"00603615725","VENLAFAXINE HYDROCHLORIDE","238.99","120"
"63629156405","ORPHENADRINE CITRATE","617.58","180"
"68115006360","CARISOPRODOL","559.98","120"
"42254008690","MIRTAZAPINE","999.00","270"
"00781572010","POTASSIUM CHLORIDE","172.45","180"
"65862003130","MIRTAZAPINE","228.65","180"
"68387014060","TIZANIDINE HCL","309.60","120"
"55045305809","CYCLOBENZAPRINE HCL","380.40","180"
"66336046360","DICLOFENAC SODIUM","443.46","120"
"00487020103","IPRATROPIUM BROMIDE AND ALBUTEROL S","160.70","360"
"55045159406","CHLORZOXAZONE","209.10","120"
"00603388332","HYDROCODON-ACETAMINOPH 7.5-750","100.04","120"
"59762490005","SERTRALINE HYDROCHLORIDE","683.20","120"
"58016029102","CHLORZOXAZONE","223.40","120"
"54569147003","TRAZODONE HCL","142.20","180"
"55289078460","TIZANIDINE HYDROCHLORIDE","164.15","120"
"63304055401","CLORAZEPATE 15 MG TABLET","476.77","180"
"54569644700","DENDRACIN NEURODENDRAXCIN","393.60","120"
"63323029766","PROPOVEN 1,000 MG/100 ML VIAL","112.00","800"
"13668000905","CITALOPRAM HYDROBROMIDE","384.32","120"
"27808011601","HYDROCODONE BITARTRATE-ACETAMINOPHE","600.94","120"
"49999004860","METHOCARBAMOL","138.98","120"
"68115005260","BUSPIRONE HCL","337.47","180"
"45802049537","DESOXIMETASONE 0.25% CREAM","468.20","240"
"00093834405","GLYBURIDE 5 MG TABLET","218.49","120"
"00228259911","ETODOLAC 400 MG TABLET","253.96","120"
"00185010201","LISINOPRIL 20 MG TABLET","278.43","180"
"58016023490","CYCLOBENZAPRINE HCL","317.30","180"
"10019003783","FENTANYL CITRATE","3200.00","800"
"00078051205","TEGRETOL-XR","933.41","360"
"35356054630","TRAMADOL HYDROCHLORIDE","1419.72","180"
"54868496901","HYDROMORPHONE HCL","430.83","120"
"45861000160","MEDROX OINTMENT","328.41","120"
"42254007960","APAP/HYDROCODONE BITARTRATE","233.41","120"
"00168084401","DICLOFENAC SODIUM","4256.05","300"
"00093787065","FENTANYL CITRATE","9990.00","180"
"38779241304","MOMETASONE FUROATE","3015.91","240"
"66336008590","PROMETHAZINE HYDROCHLORIDE","141.43","180"
"60505004001","ETODOLAC 300 MG CAPSULE","226.80","180"
"00406921630","FENTANYL CITRATE","6657.60","150"
"42549055756","APAP/HYDROCODONE BITARTRATE","165.38","112"
"59762018203","VENLAFAXINE HYDROCHLORIDE","547.26","600"
"00781214892","LANSOPRAZOLE","572.40","120"
"21695027060","HYDROCODONE/ACET","178.75","120"
"00781523964","ONDANSETRON","2492.65","305"
"62756070713","TOPIRAMATE 25 MG TABLET","121.20","120"
"00904602576","POLYETHYLENE GLYCOL 3350 POWD","240.55","527"
"49999004460","CHLORZOXAZONE","1159.66","360"
"57664016088","OXYCODONE-ACETAMINOPHEN 10-325","432.54","120"
"63629466402","CYCLOBENZAPRINE HYDROCHLORIDE","811.93","180"
"63874086104","APAP/HYDROCODONE BITARTRATE","210.78","120"
"35356079601","HYDROCODONE BITARTRATE-ACETAMINOPHE","328.18","120"
"63629317808","HYDROCODONE BITARTRATE AND ACETAMIN","229.68","252"
"63629306608","OXYCODONE AND ACETAMINOPHEN","419.64","120"
"00781145210","GLIPIZIDE 5 MG TABLET","130.99","120"
"33261005960","HYDROCODONE BITARTRATE/APAP","214.28","120"
"33261005856","APAP/HYDROCODONE BITARTRATE","242.36","112"
"55700026101","HYDROCODONE BITARTRATE-ACETAMINOPHE","328.18","120"
"58016070899","TRAMADOL HCL","241.73","180"
"55045224704","DICLOFENAC SODIUM DR","288.84","120"
"76439030210","CHLORDIAZEPOXIDE HYDROCHLORIDE-CLID","1388.56","180"
"13668011610","LOSARTAN POTASSIUM AND HYDROCHLOROT","549.80","120"
"00230392102","SUPPLIES&MATERIALS PRV BY PHYS >&ABOVE","1082.00","200"
"55970082002","COSAMIN ASU","133.56","500"
"68462038301","ESZOPICLONE","1089.00","120"
"58016026100","CARISOPRODOL","474.88","120"
"55289073798","APAP/HYDROCODONE BITARTRATE","147.75","120"
"00378258710","HYDROXYZINE HCL 25 MG TABLET","339.26","120"
"50111048203","THEOPHYLLINE","104.40","180"
"00093722298","FOSINOPRIL SODIUM","183.57","150"
"00185014460","AMIODARONE HCL","262.49","120"
"16590071515","HYDROMORPHONE HCL","634.20","224"
"49452391606","KETOPROFEN POWDER","123.46","350"
"49452405001","LIDOCAINE HCL MONOHYDRATE","541.19","120"
"55700017530","OXYCODONE HYDROCHLORIDE","1354.38","180"
"65162052110","PROMETHAZINE HYDROCHLORIDE","129.87","270"
"38779067307","MORPHINE SULFATE","600.00","1000"
"10144060215","ZANAFLEX CAPSULE","399.68","150"
"35356070601","APAP/HYDROCODONE BITARTRATE","260.07","120"
"63187013604","DENDRACIN NEURODENDRAXCIN","530.45","120"